<?xml version="1.0" encoding="UTF-8"?>

<Bundle xmlns="http://hl7.org/fhir">
  <id value="85924d03-3348-4be0-9975-d0e395dd872c"/>
  <meta>
    <lastUpdated value="2018-08-16T08:20:48.914-05:00"/>
  </meta>
  <type value="collection"/>
  <entry>
    <fullUrl value="http://hl7.org/fhir/us/livd/ValueSet/conceptmap-livd-desc-prop"/>
    <resource>
      <ValueSet>
        <id value="conceptmap-livd-desc-prop"/>
        <meta>
          <profile value="http://hl7.org/fhir/StructureDefinition/shareablevalueset"/>
        </meta>
        <text>
          <status value="generated"/>
          <div xmlns="http://www.w3.org/1999/xhtml">
            <p>This value set contains 2 concepts</p>
            <p style="border: black 1px dotted; background-color: #EEEEEE; padding: 8px">Expansion based on http://hl7.org/fhir/us/livd/CodeSystem/conceptmap-livd-desc-prop version current</p>
            <p>All codes from system 
              <a href="conceptmap-livd-desc-prop.html">
                <code>http://hl7.org/fhir/us/livd/CodeSystem/conceptmap-livd-desc-prop</code>
              </a>
            </p>
            <table class="codes">
              <tr>
                <td style="white-space:nowrap">
                  <b>Code</b>
                </td>
                <td>
                  <b>Display</b>
                </td>
                <td>
                  <b>Definition</b>
                </td>
              </tr>
              <tr>
                <td style="white-space:nowrap">
                  <a name="http---hl7.org-fhir-us-livd-CodeSystem-conceptmap-livd-desc-prop-specimen"> </a>
                  <a href="conceptmap-livd-desc-prop.html#conceptmap-livd-desc-prop-specimen">specimen</a>
                </td>
                <td>Specimen Description</td>
                <td/>
              </tr>
              <tr>
                <td style="white-space:nowrap">
                  <a name="http---hl7.org-fhir-us-livd-CodeSystem-conceptmap-livd-desc-prop-result"> </a>
                  <a href="conceptmap-livd-desc-prop.html#conceptmap-livd-desc-prop-result">result</a>
                </td>
                <td>Result Description</td>
                <td/>
              </tr>
            </table>
          </div>
        </text>
        <url value="http://hl7.org/fhir/us/livd/ValueSet/conceptmap-livd-desc-prop"/>
        <version value="current"/>
        <name value="ConceptMapLIVDDescriptionProperty"/>
        <status value="draft"/>
        <date value="2018-08-16T08:20:48-05:00"/>
        <contact>
          <telecom>
            <system value="url"/>
          </telecom>
          <telecom>
            <system value="email"/>
          </telecom>
        </contact>
        <description value="Defines the properties that are further described to aid in the selection of a LOINC code"/>
        <immutable value="true"/>
        <expansion>
          <identifier value="urn:uuid:e6a9c625-2971-4f9a-a2b3-84ad12f551a6"/>
          <timestamp value="2018-08-16T08:20:50-05:00"/>
          <total value="2"/>
          <parameter>
            <name value="excludeNested"/>
            <valueBoolean value="false"/>
          </parameter>
          <parameter>
            <name value="version"/>
            <valueUri value="http://hl7.org/fhir/us/livd/CodeSystem/conceptmap-livd-desc-prop|current"/>
          </parameter>
          <contains>
            <system value="http://hl7.org/fhir/us/livd/CodeSystem/conceptmap-livd-desc-prop"/>
            <code value="specimen"/>
            <display value="Specimen Description"/>
          </contains>
          <contains>
            <system value="http://hl7.org/fhir/us/livd/CodeSystem/conceptmap-livd-desc-prop"/>
            <code value="result"/>
            <display value="Result Description"/>
          </contains>
        </expansion>
      </ValueSet>
    </resource>
  </entry>
</Bundle>